ID,Category,Issue type,Photo,Longitude,Latitude
1,Waste,Litter on street (Commercial),20230326_083059.jpg,8644482.71196095,1458584.92135406
2,Footpath Quality,Broken footpath,JPEG_20230326_081626_7412875616219492764.jpg,8645328.5536737,1460941.20117838
3,Obstruction,Low hanging wires,JPEG_20230326_081721_5685216607167779334.jpg,8645331.60160136,1460921.94392201
4,Obstruction,Low hanging wires,JPEG_20230326_081816_5837223647912020748.jpg,8645332.62462748,1460884.88502275
5,Obstruction,Junction boxes,20230326_082017.jpg,8643723.80987121,1458184.02486338
6,Waste,Silt accumulation on road,JPEG_20230326_082127_9190361017702988700.jpg,8645492.42660452,1458334.57336428
7,Waste,Silt accumulation in drains,JPEG_20230326_082243_4698893959242420025.jpg,8645500.52659173,1458360.97729906
8,Waste,Construction debris,JPEG_20230326_082340_8471559349556625073.jpg,8645104.5208572,1460204.47224682
9,Footpath Quality,Broken footpath,JPEG_20230326_082624_7928416246663538394.jpg,8645075.56808042,1460266.46646993
10,Waste,Construction debris,JPEG_20230326_082404_3432622267669609148.jpg,8644686.13446945,1458026.73590882
11,Waste,Construction debris,20230326_082206.jpg,8644670.04814018,1458140.86269261
12,Waste,Construction debris,20230326_082247.jpg,8644663.97565049,1458170.80129372
13,Waste,Construction debris,20230326_082336.jpg,8644654.87278012,1458198.35745226
14,Waste,Garbage vulnerable point,20230326_082625.jpg,8644615.61170653,1458291.01172773
15,Waste,Garbage vulnerable point,20230326_082721.jpg,8644591.31450249,1458351.27737683
16,Waste,Construction debris,20230326_082811.jpg,8644574.09267513,1458395.54129053
17,Waste,Garbage vulnerable point,20230326_082828.jpg,8644568.84278324,1458406.85381709
18,Footpath Quality,Broken footpath,20230326_082855.jpg,8644559.6340047,1458427.86440688
19,Waste,Garbage vulnerable point,20230326_082959.jpg,8644530.90694582,1458493.9041526
20,Waste,Garbage vulnerable point,20230326_083035.jpg,8644513.36877218,1458535.92146589
21,Footpath Quality,Broken footpath,20230326_083106.jpg,8644500.29771403,1458567.36815172
22,Waste,Construction debris,20230326_083118.jpg,8644498.92143806,1458575.53235256
23,Footpath Quality,Broken footpath,20230326_083205.jpg,8644486.75442022,1458585.51683634
24,Waste,Construction debris,JPEG_20230326_082403_149886661957469723.jpg,8644691.16279622,1458031.21099186
25,Obstruction,Junction boxes,JPEG_20230326_082546_5991606022036430833.jpg,8644705.69476654,1457961.94515507
26,Obstruction,Junction boxes,JPEG_20230326_082633_8238064807662404927.jpg,8644706.05491731,1457960.70176669
27,Obstruction,Low hanging wires,JPEG_20230326_083359_3419945526803952016.jpg,8644708.11405673,1457938.14693421
28,Obstruction,Low hanging wires,JPEG_20230326_081913_5065805013328376810.jpg,8645331.31884985,1460878.63085271
29,Footpath Quality,Broken footpath,JPEG_20230326_082034_6651149968622731510.jpg,8645332.56383794,1460843.36923345
30,Waste,Garbage vulnerable point,JPEG_20230326_082114_7503465253174265988.jpg,8645337.1007842,1460835.937096
31,Waste,Garbage vulnerable point,JPEG_20230326_082210_2255232371078096978.jpg,8645337.35347945,1460795.7489485
32,Footpath Quality,Broken footpath,JPEG_20230326_082235_7582773872972777006.jpg,8645339.97171387,1460793.16342727
33,Footpath Quality,Level difference,JPEG_20230326_082342_6171970963577209423.jpg,8645338.29858192,1460779.41892378
34,Waste,Construction debris,JPEG_20230326_082422_4884167051350539431.jpg,8645340.58174468,1460750.6754525
35,Footpath Quality,Broken footpath,JPEG_20230326_082553_5648507296542301708.jpg,8645343.05971654,1460727.36924644
36,Footpath Quality,Broken footpath,JPEG_20230326_082644_7925823314359254979.jpg,8645345.76478017,1460686.22611041
37,Waste,Construction debris,JPEG_20230326_082723_3878841362067726506.jpg,8645346.94810636,1460666.3292194
38,Waste,Construction debris,JPEG_20230326_082759_7688723911559321490.jpg,8645347.93439705,1460650.08267276
39,Footpath Quality,Broken footpath,JPEG_20230326_082823_9088336346922559740.jpg,8645351.54448813,1460643.84569224
40,Waste,Litter on street (Commercial),JPEG_20230326_082910_1927647999658842216.jpg,8645350.58491412,1460633.00324358
41,Footpath Quality,Broken footpath,JPEG_20230326_082939_5896317263765009286.jpg,8645353.57940842,1460630.52970345
42,Footpath Quality,Broken footpath,JPEG_20230326_083006_4530584304837638013.jpg,8645354.3497393,1460616.16260973
43,Footpath Quality,Broken footpath,JPEG_20230326_083037_7060789779016494259.jpg,8645357.78839837,1460599.29799315
44,Footpath Quality,Broken footpath,JPEG_20230326_083105_8662566118718898237.jpg,8645359.38805945,1460589.79115694
45,Footpath Quality,Broken footpath,JPEG_20230326_083136_4854304923308577888.jpg,8645361.37622556,1460575.65829853
46,Footpath Quality,Broken footpath,JPEG_20230326_083225_4342253057133755737.jpg,8645365.31804873,1460552.8046702
47,Waste,Garbage vulnerable point,20230326_083811.jpg,8643975.17353511,1457694.32833132
48,Footpath Quality,Broken footpath,JPEG_20230326_082528_4625100229243052361.jpg,8645497.09411454,1458440.5994546
49,Waste,Construction debris,JPEG_20230326_082705_1795423835100580782.jpg,8645498.65112265,1458465.04581203
50,Obstruction,Low hanging wires,JPEG_20230326_083018_63996545153349435.jpg,8645500.81938817,1458493.25725439
51,Obstruction,Low hanging wires,JPEG_20230326_083107_2635344301295696900.jpg,8645503.5278135,1458510.29344243
52,Obstruction,Low hanging wires,JPEG_20230326_083217_9023715500073329396.jpg,8645502.54651292,1458524.17823377
53,Footpath Quality,Level difference,JPEG_20230326_083449_7837992757801079894.jpg,8645491.86883513,1458592.91938266
54,Waste,Garbage vulnerable point,20230326_083952.jpg,8643997.5253356,1457660.033287
55,Footpath Quality,Broken footpath,JPEG_20230326_083649_7571197380978062730.jpg,8645378.31571247,1460446.51377589
56,Footpath Quality,Broken footpath,JPEG_20230326_083731_3590343130768118305.jpg,8645386.08581293,1460419.31530792
57,Footpath Quality,Broken footpath,JPEG_20230326_083808_6233698449348666099.jpg,8645387.77786919,1460394.08996897
58,Footpath Quality,Broken footpath,20230326_081641.jpg,8643746.06734501,1458191.43424058
59,Footpath Quality,Broken footpath,20230326_081702.jpg,8643747.30607969,1458179.28793024
60,Waste,Garbage vulnerable point,20230326_081831.jpg,8643753.58865184,1458138.52484634
61,Footpath Quality,Broken footpath,20230326_082010.jpg,8643763.23815788,1458089.00767883
62,Footpath Quality,Broken footpath,20230326_082038.jpg,8643778.93141146,1458067.85103016
63,Obstruction,Transformers,20230326_082103.jpg,8643783.09520215,1458056.74523489
64,Waste,Silt accumulation in drains,20230326_082140.jpg,8643790.35797813,1458040.30240577
65,Footpath Quality,Broken footpath,20230326_082238.jpg,8643820.25608045,1457979.84551003
66,Footpath Quality,Broken footpath,20230326_082352.jpg,8643856.47050954,1457922.12453697
67,Footpath Quality,Broken footpath,20230326_082526.jpg,8643898.94674614,1457851.93256419
68,Footpath Quality,Level difference,20230326_082543.jpg,8643903.70542828,1457843.25472901
69,Waste,Litter on street (Commercial),20230326_082655.jpg,8643908.568975,1457837.22477938
70,Footpath Quality,Broken footpath,20230326_082710.jpg,8643911.62816061,1457829.85249676
71,Footpath Quality,Broken footpath,20230326_082835.jpg,8643917.61639408,1457819.5082929
72,Footpath Quality,Broken footpath,20230326_082932.jpg,8643924.7772059,1457804.11214165
73,Footpath Quality,Level difference,20230326_083120.jpg,8643969.32105742,1457729.35674581
74,Footpath Quality,Level difference,20230326_083345.jpg,8644027.79603583,1457630.60993148
75,Footpath Quality,Level difference,JPEG_20230326_082201_6713803031598379628.jpg,8645318.22767773,1460996.83116778
76,Waste,Construction debris,JPEG_20230326_082408_2631198235096980925.jpg,8645323.79365227,1460974.93273281
77,Waste,Litter on street (Commercial),JPEG_20230326_082455_669766232683263109.jpg,8645322.30939239,1460957.41399702
78,Footpath Quality,Level difference,JPEG_20230326_082643_7771764668747573883.jpg,8645319.71193761,1460913.61720494
79,Footpath Quality,Level difference,JPEG_20230326_082904_6583429458438497968.jpg,8645325.09237967,1460860.87072348
80,Footpath Quality,Level difference,JPEG_20230326_083153_3444574832299540745.jpg,8645328.80302936,1460795.93746419
81,Waste,Litter on street (Commercial),JPEG_20230326_083231_6184888444320938381.jpg,8645331.9570816,1460769.08827144
82,Footpath Quality,Level difference,JPEG_20230326_083256_413054271825382044.jpg,8645324.90684718,1460759.37686755
83,Waste,Silt accumulation in drains,JPEG_20230326_083332_8498622123643078935.jpg,8645332.51367905,1460735.95526012
84,Waste,Construction debris,JPEG_20230326_083355_4491420579140982078.jpg,8645330.6583542,1460724.91093163
85,Footpath Quality,Level difference,JPEG_20230326_083521_3619801750774974785.jpg,8645333.0702765,1460668.54683946
86,Obstruction,Junction boxes,JPEG_20230326_083708_7877123346115106686.jpg,8645342.22806309,1460611.94114523
87,Footpath Quality,Level difference,JPEG_20230326_083459_1450354218373999249.jpg,8644707.02056189,1457930.94327459
88,Waste,Construction debris,JPEG_20230326_083709_3413019951130373816.jpg,8644699.53737254,1457910.86422911
89,Waste,Construction debris,JPEG_20230326_083809_8237216371077103061.jpg,8644695.58252289,1457890.02124408
90,Waste,Construction debris,JPEG_20230326_084422_3455696276115501274.jpg,8645385.20490469,1460367.49593492
91,Footpath Quality,Broken footpath,20230326_082611.jpg,8645128.3104336,1460189.65292626
92,Obstruction,Low hanging wires,20230326_082859.jpg,8645142.6436208,1460158.58711333
93,Obstruction,Low hanging wires,20230326_082934.jpg,8645143.73075531,1460154.94730894
94,Waste,Construction debris,20230326_083043.jpg,8645151.3633592,1460137.81711531
95,Waste,Construction debris,20230326_083411.jpg,8645169.88016074,1460101.79199281
96,Waste,Garbage vulnerable point,20230326_083604.jpg,8645186.97405965,1460070.1541054
97,Footpath Quality,Level difference,20230326_083838.jpg,8645211.2282686,1460016.73137599
98,Waste,Construction debris,20230326_084118.jpg,8645246.31874869,1459938.75661779
99,Obstruction,Low hanging wires,20230326_084221.jpg,8645269.75059629,1459900.77636855
100,Footpath Quality,Broken footpath,20230326_084258.jpg,8645272.56539479,1459891.07275112
101,Waste,Construction debris,20230326_084504.jpg,8645287.13237202,1459859.79183329
102,Obstruction,Transformers,20230326_084538.jpg,8645292.51015799,1459851.25540602
103,Waste,Litter on street (Commercial),20230326_084710.jpg,8645297.1657792,1459840.27930939
104,Footpath Quality,Broken footpath,20230326_084734.jpg,8645301.33331221,1459829.50719911
105,Waste,Litter on street (Commercial),20230326_084750.jpg,8645303.00011458,1459828.35239104
106,Waste,Construction debris,20230326_084948.jpg,8645316.05855797,1459804.0615933
107,Obstruction,Transformers,JPEG_20230326_084514_7452362527444026468.jpg,8645482.59715539,1458698.0476372
108,Obstruction,Low hanging wires,JPEG_20230326_084838_7382021682488482998.jpg,8645483.97561191,1458783.94005357
109,Waste,Garbage vulnerable point,JPEG_20230326_085028_7660443898730289998.jpg,8645485.15645624,1458808.99401886
110,Footpath Quality,Broken footpath,JPEG_20230326_085228_8084414240692677147.jpg,8645489.24774531,1458832.51753622
111,Waste,Garbage vulnerable point,20230326_085308.jpg,8643810.04167588,1457963.97578161
112,Waste,Garbage vulnerable point,20230326_085344.jpg,8643802.46707153,1457979.15168181
113,Waste,Yellow spots,20230326_085424.jpg,8643788.26542746,1458009.00312623
114,Footpath Quality,Broken footpath,20230326_082022.jpg,8645499.44893252,1458323.09813893
115,Footpath Quality,Level difference,20230326_082137.jpg,8645501.17995279,1458355.17823253
116,Waste,Garbage vulnerable point,20230326_082153.jpg,8645501.17870704,1458357.70182995
117,Footpath Quality,Broken footpath,20230326_082215.jpg,8645502.1869683,1458361.90982776
118,Footpath Quality,Level difference,20230326_082246.jpg,8645501.83478855,1458365.84914873
119,Footpath Quality,Broken footpath,20230326_082333.jpg,8645502.51571558,1458389.59575091
120,Obstruction,Transformers,20230326_082457.jpg,8645499.80882065,1458414.35252642
121,Footpath Quality,Broken footpath,20230326_082634.jpg,8645505.57902398,1458436.36077756
122,Footpath Quality,Broken footpath,20230326_082734.jpg,8645507.58101002,1458459.23946682
123,Waste,Garbage vulnerable point,20230326_082924.jpg,8645509.88877781,1458484.80346989
124,Waste,Construction debris,20230326_083135.jpg,8645511.7247435,1458525.54155828
125,Waste,Garbage vulnerable point,20230326_083149.jpg,8645511.28070471,1458532.48483647
126,Footpath Quality,Broken footpath,20230326_083249.jpg,8645509.87332792,1458541.70459337
127,Footpath Quality,Level difference,20230326_083601.jpg,8645493.82949061,1458624.73055237
128,Waste,Garbage vulnerable point,20230326_083624.jpg,8645493.51104752,1458635.31014157
129,Footpath Quality,Level difference,20230326_083656.jpg,8645490.85945283,1458649.08066884
130,Unsafe Zone,Dark zone,20230326_082228.jpg,8644654.8283683,1458166.03204344
131,Footpath Quality,Level difference,20230326_083807.jpg,8645492.49932661,1458680.2049089
132,Encroachment,Encroachment by planters,20230326_082226.jpg,8643736.55196173,1458142.03902988
133,Footpath Quality,Broken footpath,20230326_083824.jpg,8645491.96006933,1458682.78591891
134,Unsafe Zone,Dark zone,JPEG_20230326_082042_1669834306659814729.jpg,8645489.96554663,1458266.99343566
135,Footpath Quality,Level difference,20230326_084014.jpg,8645492.53437243,1458703.51870769
136,Footpath Quality,Broken footpath,20230326_082351.jpg,8643740.10590059,1458135.20191856
137,Waste,Garbage vulnerable point,20230326_084352.jpg,8645497.69732487,1458827.43853838
138,Footpath Quality,Broken footpath,20230326_082559.jpg,8643757.85174158,1458073.04536266
139,Footpath Quality,Level difference,20230326_084703.jpg,8645500.52657788,1458867.3594688
140,Encroachment,Encroachment by vendor or shop spillover,JPEG_20230326_082414_8768250792275241873.jpg,8645103.83079124,1460214.10058947
141,Footpath Quality,Level difference,20230326_084841.jpg,8645501.7240281,1458886.81849192
142,Footpath Quality,No footpath,JPEG_20230326_082547_6908599350938448981.jpg,8645085.16807861,1460249.52712525
143,Footpath Quality,Broken footpath,20230326_084953.jpg,8645501.623099,1458908.31998496
144,Footpath Quality,No footpath,JPEG_20230326_082720_1210270283273288444.jpg,8645068.41912595,1460286.25044511
145,Footpath Quality,Broken footpath,20230326_085016.jpg,8645502.16771602,1458920.23663028
146,Obstruction,Overgrown weeds,20230326_082713.jpg,8643774.35075589,1458042.3489011
147,Footpath Quality,Broken footpath,20230326_085033.jpg,8645501.53660448,1458923.99576129
148,Footpath Quality,No footpath,20230326_082933.jpg,8643811.63229305,1457971.70273325
149,Footpath Quality,Level difference,20230326_085109.jpg,8645499.68983773,1458937.08161256
150,Footpath Quality,No footpath,20230326_082415.jpg,8644647.0746597,1458183.83665481
151,Waste,Garbage vulnerable point,20230326_085237.jpg,8645497.7273922,1458978.47553465
152,Unsafe Zone,Dark zone,20230326_082832.jpg,8644650.28216764,1458183.97255251
153,Footpath Quality,Broken footpath,20230326_085340.jpg,8645491.42410411,1459008.99354982
154,Encroachment,Encroachment by vendor or shop spillover,JPEG_20230326_082555_7279416085426334377.jpg,8644698.10574719,1457971.77708265
155,Waste,Litter on street (Commercial),20230326_085230.jpg,8643603.42629786,1458691.8708713
156,Encroachment,Encroachment by parking,JPEG_20230326_082652_585551933079151166.jpg,8644702.1157038,1457948.25691991
157,Waste,Litter on street (Commercial),20230326_085246.jpg,8643615.97966063,1458688.25323508
158,Encroachment,Encroachment by planters,JPEG_20230326_082842_5377523676064580265.jpg,8644702.89239215,1457942.11688397
159,Waste,Litter on street (Commercial),20230326_085300.jpg,8643639.33778823,1458677.32711721
160,Footpath Quality,No footpath,20230326_082051.jpg,8644689.39228262,1458049.61111821
161,Waste,Litter on street (Commercial),20230326_085321.jpg,8643658.73437211,1458664.82388808
162,Footpath Quality,No footpath,20230326_082515.jpg,8644678.08300046,1458108.49917904
163,Waste,Litter on street (Commercial),20230326_085339.jpg,8643672.38022803,1458648.40144789
164,Footpath Quality,Level difference,20230326_083217.jpg,8644495.90573599,1458585.26771987
165,Waste,Garbage vulnerable point,20230326_085356.jpg,8643693.32444501,1458628.43730162
166,Encroachment,Encroachment by parking,JPEG_20230326_082804_3224349158055420610.jpg,8644708.77581744,1457946.1925891
167,Waste,Litter on street (Commercial),20230326_085412.jpg,8643726.97132161,1458598.63868635
168,Footpath Quality,No footpath,20230326_083143.jpg,8643867.02082316,1457870.24871513
169,Waste,Litter on street (Commercial),20230326_085427.jpg,8643749.46511839,1458563.87213875
170,Encroachment,Encroachment by vendor or shop spillover,20230326_083319.jpg,8643892.81573705,1457823.40194812
171,Waste,Litter on street (Commercial),20230326_085446.jpg,8643770.93335629,1458523.56697492
172,Footpath Quality,Broken footpath,20230326_083455.jpg,8643915.50739125,1457790.51852081
173,Waste,Litter on street (Commercial),20230326_085511.jpg,8643783.78798821,1458481.91827582
174,Waste,Litter on street (Commercial),20230326_085536.jpg,8643788.09299099,1458428.89144949
175,Encroachment,Encroachment by vendor or shop spillover,JPEG_20230326_082433_3431632204368564041.jpg,8645494.83014343,1458416.10721953
176,Waste,Litter on street (Commercial),20230326_085547.jpg,8643774.99879311,1458360.76719741
177,Encroachment,Encroachment by vendor or shop spillover,JPEG_20230326_082623_7056644546528400605.jpg,8645496.66733546,1458443.8841751
178,Waste,Litter on street (Commercial),20230326_085609.jpg,8643759.64810272,1458320.08687412
179,Footpath Quality,Level difference,JPEG_20230326_082819_3623832876995625111.jpg,8645498.64775643,1458466.89557596
180,Footpath Quality,Broken footpath,JPEG_20230326_082836_1573850708594349622.jpg,8645049.13173305,1460320.25922462
181,Encroachment,Encroachment by planters,JPEG_20230326_082912_3907037370343942054.jpg,8645499.915363,1458481.34065567
182,Footpath Quality,Broken footpath,JPEG_20230326_083048_1662545707071756578.jpg,8645031.81153348,1460357.44648816
183,Encroachment,Encroachment by vendor or shop spillover,JPEG_20230326_083331_1710616865533661367.jpg,8645502.65251677,1458548.66895545
184,Footpath Quality,Level difference,JPEG_20230326_083325_2407241030769450568.jpg,8645003.68942833,1460429.8299792
185,Footpath Quality,No footpath,JPEG_20230326_083757_2673131794968040816.jpg,8645495.96208622,1458588.37678705
186,Footpath Quality,Broken footpath,JPEG_20230326_083916_1094348096799269740.jpg,8644952.84240956,1460550.31827934
187,Footpath Quality,Broken footpath,20230326_083857.jpg,8643988.58417244,1457672.59140097
188,Waste,Garbage vulnerable point,JPEG_20230326_083952_9099450865356313123.jpg,8644944.81592277,1460564.82666723
189,Encroachment,Encroachment by vendor or shop spillover,JPEG_20230326_083942_6879311652113527323.jpg,8645487.03005042,1458603.28130626
190,Footpath Quality,Broken footpath,JPEG_20230326_084340_4558381779843814655.jpg,8644880.34701001,1460706.87810404
191,Footpath Quality,Level difference,JPEG_20230326_083918_8944511872766536228.jpg,8645395.61587454,1460355.970376
192,Waste,Garbage vulnerable point,JPEG_20230326_084405_2395013190070083673.jpg,8644879.87430502,1460704.78338269
193,Footpath Quality,Broken footpath,20230326_084108.jpg,8644012.23237976,1457638.8938006
194,Footpath Quality,Level difference,JPEG_20230326_084600_433433177724582330.jpg,8644866.70388207,1460737.05335249
195,Footpath Quality,Broken footpath,20230326_084153.jpg,8644017.02121574,1457628.33202311
196,Footpath Quality,Level difference,JPEG_20230326_084652_7777334382848432251.jpg,8644857.95855283,1460751.24243989
197,Footpath Quality,Broken footpath,20230326_084226.jpg,8644023.56458308,1457619.01573325
198,Footpath Quality,Level difference,JPEG_20230326_084901_555425151208304510.jpg,8644845.87302176,1460771.18238729
199,Encroachment,Encroachment by planters,20230326_082911.jpg,8643916.37887908,1457821.35334156
200,Footpath Quality,Level difference,JPEG_20230326_084949_6637488826918761444.jpg,8644838.61893849,1460785.72696536
201,Encroachment,Encroachment by vendor or shop spillover,JPEG_20230326_081905_5361097034261615677.jpg,8645304.95058571,1461080.63701294
202,Footpath Quality,Level difference,JPEG_20230326_085247_7706085314089025530.jpg,8644814.39258062,1460832.69961916
203,Encroachment,Encroachment by vendor or shop spillover,JPEG_20230326_082046_7855569288130386545.jpg,8645310.30071302,1461026.55592806
204,Footpath Quality,Level difference,JPEG_20230326_085506_3312207336718148935.jpg,8644798.87575006,1460865.75619453
205,Encroachment,Encroachment by vendor or shop spillover,JPEG_20230326_082336_2445356945258412083.jpg,8645317.32184336,1460976.4754151
206,Footpath Quality,Broken footpath,JPEG_20230326_085530_118377450397382435.jpg,8644795.16410717,1460872.82798042
207,Encroachment,Encroachment by parking,JPEG_20230326_082603_2680037138590787445.jpg,8645318.4059342,1460949.48897309
208,Obstruction,Transformers,JPEG_20230326_085341_8023486177654412543.jpg,8645497.2639795,1458875.87960688
209,Footpath Quality,Broken footpath,JPEG_20230326_082818_5528084425182246898.jpg,8645323.98767146,1460891.56514893
210,Waste,Construction debris,JPEG_20230326_085703_1998283121120736496.jpg,8645489.1368006,1458940.84073035
211,Encroachment,Encroachment by planters,JPEG_20230326_082949_562762406166367133.jpg,8645326.44324986,1460842.78103874
212,Obstruction,Transformers,JPEG_20230326_083929_4584503791916777680.jpg,8645277.28615041,1461129.42804172
213,Footpath Quality,No footpath,JPEG_20230326_083118_8722222880635314914.jpg,8645325.99093801,1460848.03321866
214,Waste,Construction debris,JPEG_20230326_084053_5843032899013223676.jpg,8645253.11579437,1461115.03578446
215,Footpath Quality,No footpath,JPEG_20230326_083452_5061231159214422127.jpg,8645333.44134148,1460717.48457523
216,Obstruction,Transformers,JPEG_20230326_084137_2725493638924327996.jpg,8645254.18780107,1461114.34683753
217,Footpath Quality,No footpath,JPEG_20230326_083646_4857348727975043502.jpg,8645343.04416389,1460616.87522512
218,Waste,Garbage vulnerable point,JPEG_20230326_084433_926043640771553717.jpg,8645212.8628317,1461096.35192275
219,Encroachment,Encroachment by planters,JPEG_20230326_083805_483739542572010372.jpg,8645349.33771633,1460585.7817385
220,Obstruction,Transformers,JPEG_20230326_084838_3472321147655290820.jpg,8645194.92121694,1461087.93380833
221,Encroachment,Encroachment by planters,JPEG_20230326_084117_8510522599177579497.jpg,8645354.22097976,1460560.38903064
222,Waste,Garbage vulnerable point,JPEG_20230326_085709_2750037958033021194.jpg,8644953.28899107,1460999.82992174
223,Waste,Silt accumulation on road,JPEG_20230326_084231_1793604147910492955.jpg,8645375.55721549,1460391.45549152
224,Footpath Quality,Level difference,JPEG_20230326_090057_5994166146436768071.jpg,8644889.63650623,1460959.26679324
225,Encroachment,Encroachment by parking,JPEG_20230326_083723_4962982273014289896.jpg,8644705.56035842,1457918.64898753
226,Waste,Garbage vulnerable point,JPEG_20230326_090413_5376323551150824020.jpg,8644837.81394368,1460925.70968289
227,Encroachment,Encroachment by planters,JPEG_20230326_083811_9215374108637281540.jpg,8644701.22312411,1457887.19434258
228,Waste,Construction debris,JPEG_20230326_090525_8284809041912215762.jpg,8644800.93877189,1460892.03556784
229,Encroachment,Encroachment by vendor or shop spillover,JPEG_20230326_084050_1532254423593775844.jpg,8644698.54043264,1457858.76022437
230,Obstruction,Low hanging wires,20230326_085201.jpg,8645335.08896262,1459759.08691153
231,Encroachment,Encroachment by vendor or shop spillover,JPEG_20230326_084218_9041972794544637348.jpg,8644728.27847971,1457851.0200423
232,Obstruction,Low hanging wires,20230326_085224.jpg,8645338.72377585,1459751.04551969
233,Encroachment,Encroachment by parking,JPEG_20230326_084251_2435644721170394005.jpg,8644733.83980839,1457849.22940248
234,Footpath Quality,Broken footpath,20230326_085329.jpg,8645358.70039512,1459714.21582263
235,Encroachment,Encroachment by vendor or shop spillover,JPEG_20230326_084336_1510066709084042990.jpg,8644743.42368276,1457847.10417817
236,Waste,Silt accumulation on road,20230326_085353.jpg,8645360.83393107,1459710.69581186
237,Footpath Quality,No footpath,JPEG_20230326_083459_7252733265543076057.jpg,8644702.57718336,1457942.21581869
238,Encroachment,Encroachment by parking,JPEG_20230326_083551_844075036339903572.jpg,8644701.25472934,1457929.68725259
239,Footpath Quality,Level difference,20230326_085608.jpg,8645373.56753293,1459676.5369815
240,Footpath Quality,No footpath,JPEG_20230326_083859_7595077382165636759.jpg,8644693.28177946,1457881.60442945
241,Waste,Silt accumulation on road,20230326_085812.jpg,8645396.00991228,1459634.55429194
242,Encroachment,Encroachment by vendor or shop spillover,JPEG_20230326_084052_1509585164005919022.jpg,8644697.90446598,1457853.39602466
243,Obstruction,Low hanging wires,20230326_085850.jpg,8645405.9761166,1459616.65949756
244,Encroachment,Encroachment by planters,JPEG_20230326_084230_7606435281435708453.jpg,8644723.85511306,1457845.58455362
245,Obstruction,Junction boxes,20230326_090110.jpg,8645426.14135791,1459571.28044405
246,Encroachment,Encroachment by planters,JPEG_20230326_084557_4239661376390483646.jpg,8644740.1451559,1457839.45428932
247,Waste,Construction debris,JPEG_20230326_084636_7621605775881210811.jpg,8644738.37841068,1457828.10326721
248,Footpath Quality,Level difference,JPEG_20230326_084831_3769102629323828013.jpg,8644725.91181565,1457777.81497967
249,Encroachment,Encroachment by vendor or shop spillover,20230326_082452.jpg,8645122.74986495,1460200.65495637
250,Waste,Construction debris,JPEG_20230326_084912_2623115370619542748.jpg,8644725.6521785,1457776.60360188
251,Encroachment,Encroachment by parking,20230326_091916.jpg,8645135.58180422,1460171.85752505
252,Waste,Construction debris,JPEG_20230326_085035_5691032123441402863.jpg,8644720.37207713,1457762.35714287
253,Waste,Construction debris,JPEG_20230326_085141_4881990683255501762.jpg,8644715.8468072,1457746.59706891
254,Encroachment,Encroachment by vendor or shop spillover,20230326_083213.jpg,8645155.55132005,1460133.26618422
255,Footpath Quality,Level difference,JPEG_20230326_085318_3388727914967302801.jpg,8644706.30387506,1457719.56021965
256,Encroachment,Encroachment by parking,20230326_083307.jpg,8645157.85853734,1460126.47366517
257,Waste,Construction debris,JPEG_20230326_085442_2594943323001628594.jpg,8644695.87430183,1457690.02291547
258,Footpath Quality,Broken footpath,20230326_083534.jpg,8645184.30931349,1460074.27338478
259,Waste,Construction debris,JPEG_20230326_091218_7522637496729019489.jpg,8644688.53396996,1457661.93093369
260,Encroachment,Encroachment by vendor or shop spillover,20230326_083712.jpg,8645198.52665852,1460050.51198526
261,Waste,Construction debris,JPEG_20230326_091411_4174874717167388904.jpg,8644705.21480395,1457630.0833957
262,Obstruction,Overgrown weeds,20230326_084348.jpg,8645271.69415322,1459894.63486403
263,Waste,Construction debris,JPEG_20230326_084548_7979471973943618662.jpg,8644745.47295456,1457834.68156935
264,Encroachment,Encroachment by vendor or shop spillover,20230326_084644.jpg,8645296.70584864,1459843.90221934
265,Footpath Quality,Level difference,JPEG_20230326_084638_8758697517553039527.jpg,8644740.7840006,1457816.2837499
266,Encroachment,Encroachment by vendor or shop spillover,20230326_084853.jpg,8645307.83008096,1459819.03246631
267,Footpath Quality,Level difference,JPEG_20230326_084658_2806259633471550236.jpg,8644738.59384065,1457809.82316075
268,Waste,Silt accumulation on road,JPEG_20230326_082721_8282227926789747406.jpg,8645136.98957582,1460167.4626222
269,Waste,Construction debris,JPEG_20230326_084733_2809678408964232341.jpg,8644733.92942732,1457793.55375008
270,Footpath Quality,Broken footpath,JPEG_20230326_082952_8684759734609797938.jpg,8645142.60080883,1460162.8053913
271,Waste,Construction debris,JPEG_20230326_084837_915070226139428499.jpg,8644731.50481275,1457780.55247762
272,Encroachment,Encroachment by vendor or shop spillover,JPEG_20230326_083102_8768636451396259609.jpg,8645142.54086364,1460162.28784167
273,Footpath Quality,Level difference,JPEG_20230326_084944_920788482184466947.jpg,8644726.99581635,1457764.81838988
274,Encroachment,Encroachment by parking,JPEG_20230326_083235_4840444007443197426.jpg,8645149.51877111,1460142.49475377
275,Waste,Construction debris,JPEG_20230326_085138_5129181546562001973.jpg,8644719.24317328,1457738.53590971
276,Encroachment,Encroachment by vendor or shop spillover,JPEG_20230326_083343_1011041072395227273.jpg,8645156.7389703,1460126.78942911
277,Footpath Quality,Level difference,JPEG_20230326_085242_630831864230877082.jpg,8644714.52307532,1457726.0227765
278,Encroachment,Encroachment by vendor or shop spillover,JPEG_20230326_083456_8423441363687590186.jpg,8645147.83093318,1460122.78903474
279,Waste,Construction debris,JPEG_20230326_085317_2099390413567463233.jpg,8644713.25696725,1457719.55718209
280,Footpath Quality,Broken footpath,JPEG_20230326_083708_2820465960194171438.jpg,8645170.99651921,1460099.80781256
281,Footpath Quality,Level difference,JPEG_20230326_091317_8496636646076453842.jpg,8644691.2526165,1457653.50807953
282,Encroachment,Encroachment by vendor or shop spillover,JPEG_20230326_083846_8940574528957125305.jpg,8645179.92791642,1460069.48686777
283,Waste,Silt accumulation on road,JPEG_20230326_091344_8911354188794276863.jpg,8644689.29289037,1457648.54548326
284,Encroachment,Encroachment by vendor or shop spillover,JPEG_20230326_084036_1002594146130453740.jpg,8645200.38486478,1460020.77837077
285,Obstruction,Transformers,JPEG_20230326_090441_732588546506681167.jpg,8645409.69223219,1459578.73122579
286,Footpath Quality,No footpath,JPEG_20230326_084141_6177312457646410111.jpg,8645227.6414421,1459981.62875695
287,Obstruction,Transformers,JPEG_20230326_090517_4270665347051515000.jpg,8645411.77055904,1459585.91759026
288,Encroachment,Encroachment by vendor or shop spillover,JPEG_20230326_084332_7801884863196117225.jpg,8645249.95654723,1459928.39007595
289,Obstruction,Transformers,JPEG_20230326_090547_7608832437852237244.jpg,8645397.95373416,1459595.97653852
290,Encroachment,Encroachment by vendor or shop spillover,JPEG_20230326_084404_4539312080959200263.jpg,8645250.70350101,1459920.59490589
291,Obstruction,Transformers,JPEG_20230326_090611_3723206164753500560.jpg,8645388.0968201,1459613.63914138
292,Waste,Silt accumulation on road,JPEG_20230326_084444_4358662792069519050.jpg,8645262.53453649,1459901.71878995
293,Obstruction,Transformers,JPEG_20230326_090634_8320935404785686911.jpg,8645385.05225708,1459624.20187015
294,Encroachment,Encroachment by vendor or shop spillover,JPEG_20230326_084556_4304532227722478496.jpg,8645272.60561082,1459882.3034348
295,Waste,Construction debris,JPEG_20230326_090711_6710144815433448637.jpg,8645377.12611694,1459640.971653
296,Encroachment,Encroachment by parking,JPEG_20230326_084722_3976918935159258295.jpg,8645295.32677258,1459832.56384458
297,Footpath Quality,Broken footpath,JPEG_20230326_090737_7081261674680333520.jpg,8645373.92987486,1459649.39653339
298,Footpath Quality,No footpath,JPEG_20230326_084812_8916838988683752174.jpg,8645299.85925035,1459820.70004841
299,Obstruction,Transformers,JPEG_20230326_090804_538815687760145680.jpg,8645363.49443411,1459666.43735894
300,Footpath Quality,Broken footpath,JPEG_20230326_084847_7750041019402817063.jpg,8645309.49201045,1459804.73647825
301,Waste,Construction debris,JPEG_20230326_090835_3237167867279696169.jpg,8645357.76173984,1459682.54939209
302,Waste,Silt accumulation on road,JPEG_20230326_084925_8644147715801724889.jpg,8645311.56075343,1459792.10115333
303,Waste,Construction debris,JPEG_20230326_090909_2566943297219109588.jpg,8645341.5771664,1459707.76924237
304,Encroachment,Encroachment by planters,JPEG_20230326_085031_121854831639791479.jpg,8645327.5170718,1459765.62403805
305,Obstruction,Transformers,JPEG_20230326_090938_8354180294760288983.jpg,8645333.39075611,1459725.95484866
306,Encroachment,Encroachment by vendor or shop spillover,JPEG_20230326_084223_8200712064262139963.jpg,8645484.49641677,1458645.97975968
307,Obstruction,Transformers,JPEG_20230326_091010_1562875433801589064.jpg,8645331.6755071,1459743.98284154
308,Footpath Quality,Level difference,JPEG_20230326_084558_8527916778827514542.jpg,8645482.51616288,1458709.05627726
309,Footpath Quality,Broken footpath,JPEG_20230326_091120_5158479892507048546.jpg,8645304.04000863,1459797.3588418
310,Encroachment,Encroachment by vendor or shop spillover,JPEG_20230326_084657_4855199765385363762.jpg,8645481.41783249,1458720.5379733
311,Waste,Construction debris,JPEG_20230326_091254_5492014473263023168.jpg,8645270.47161618,1459862.63560448
312,Encroachment,Encroachment by vendor or shop spillover,JPEG_20230326_084757_2882103664426883742.jpg,8645477.66826954,1458765.74683638
313,Waste,Construction debris,JPEG_20230326_091324_1075333718937548170.jpg,8645263.30375417,1459886.37295795
314,Encroachment,Encroachment by vendor or shop spillover,JPEG_20230326_084937_5485641420722406846.jpg,8645483.2130402,1458795.72285355
315,Waste,Garbage vulnerable point,JPEG_20230326_091355_724085736893204162.jpg,8645259.19161218,1459899.15048753
316,Footpath Quality,Level difference,20230326_084412.jpg,8644050.36955695,1457573.60715207
317,Waste,Garbage vulnerable point,JPEG_20230326_091501_5907343963546001564.jpg,8645225.36252272,1459962.9813673
318,Footpath Quality,No footpath,20230326_082116.jpg,8645499.93720276,1458329.25109665
319,Obstruction,Transformers,JPEG_20230326_091522_5650911281713098339.jpg,8645219.19674553,1459979.12899647
320,Footpath Quality,No footpath,20230326_082549.jpg,8645504.04318833,1458417.69887962
321,Waste,Construction debris,JPEG_20230326_091607_7096858822173045532.jpg,8645200.47503357,1460013.7349323
322,Encroachment,Encroachment by parking,20230326_082612.jpg,8645504.60495861,1458424.60339146
323,Obstruction,Transformers,JPEG_20230326_091632_8028997901303572793.jpg,8645191.29896794,1460030.7842836
324,Obstruction,Transformers,JPEG_20230326_091741_3870339359013955767.jpg,8645167.1726947,1460085.45926772
325,Footpath Quality,Level difference,20230326_082816.jpg,8645507.72240047,1458463.03419404
326,Footpath Quality,Broken footpath,JPEG_20230326_091944_8315244381600498071.jpg,8645123.77367802,1460170.99082352
327,Encroachment,Encroachment by vendor or shop spillover,20230326_082905.jpg,8645508.66177718,1458471.32586572
328,Footpath Quality,Level difference,JPEG_20230326_091938_8061502178111344718.jpg,8645392.25513911,1460296.47047619
329,Footpath Quality,No footpath,20230326_083028.jpg,8645510.27981261,1458493.12924125
330,Footpath Quality,Level difference,JPEG_20230326_092001_4620105746803003682.jpg,8645391.88407414,1460279.33299269
331,Footpath Quality,Level difference,20230326_091623.jpg,8645510.49177876,1458077.85025156
332,Footpath Quality,No footpath,20230326_083224.jpg,8645511.52003559,1458529.47746957
333,Waste,Garbage vulnerable point,20230326_091704.jpg,8645525.72459279,1458075.62465169
334,Encroachment,Encroachment by vendor or shop spillover,20230326_083346.jpg,8645509.87883871,1458544.00647176
335,Waste,Garbage vulnerable point,20230326_091823.jpg,8645572.42427428,1458073.15103274
336,Footpath Quality,No footpath,20230326_083458.jpg,8645509.14727416,1458563.97669019
337,Obstruction,Transformers,20230326_091841.jpg,8645596.96955907,1458069.51573891
338,Footpath Quality,Broken footpath,20230326_083538.jpg,8645493.94020374,1458608.59150087
339,Footpath Quality,Level difference,20230326_091922.jpg,8645603.5025515,1458069.79404457
340,Encroachment,Encroachment by parking,20230326_083738.jpg,8645491.05253261,1458647.28884977
341,Footpath Quality,Level difference,20230326_092036.jpg,8645644.87816429,1458068.39480376
342,Encroachment,Encroachment by vendor or shop spillover,20230326_084101.jpg,8645492.80627272,1458719.23407244
343,Waste,Construction debris,20230326_092101.jpg,8645660.90161056,1458069.29064185
344,Encroachment,Encroachment by parking,20230326_084152.jpg,8645493.89372275,1458751.95708816
345,Footpath Quality,Level difference,20230326_092141.jpg,8645692.35026257,1458065.58572859
346,Footpath Quality,Level difference,20230326_084225.jpg,8645495.93308487,1458774.23902786
347,Waste,Garbage vulnerable point,20230326_092228.jpg,8645736.72225726,1458056.3747813
348,Encroachment,Encroachment by vendor or shop spillover,20230326_084328.jpg,8645495.6559786,1458819.79418805
349,Waste,Yellow spots,20230326_092259.jpg,8645746.17389198,1458051.63181025
350,Footpath Quality,Level difference,20230326_084441.jpg,8645498.04331859,1458835.41930705
351,Footpath Quality,Level difference,20230326_092430.jpg,8645801.89087359,1458036.25107465
352,Footpath Quality,No footpath,20230326_084524.jpg,8645499.93326552,1458855.2643505
353,Footpath Quality,Level difference,20230326_092544.jpg,8645805.23325267,1458036.05036927
354,Encroachment,Encroachment by vendor or shop spillover,20230326_084749.jpg,8645500.11480544,1458878.99000353
355,Footpath Quality,Level difference,20230326_092602.jpg,8645835.66345673,1458033.04383546
356,Footpath Quality,No footpath,20230326_084820.jpg,8645500.50231058,1458877.52721136
357,Footpath Quality,Level difference,20230326_092639.jpg,8645861.94671532,1458033.34777746
358,Encroachment,Encroachment by vendor or shop spillover,20230326_084913.jpg,8645501.31473753,1458891.65931504
359,Waste,Silt accumulation on road,20230326_092758.jpg,8645865.97247989,1458020.10484138
360,Encroachment,Encroachment by vendor or shop spillover,20230326_085301.jpg,8645500.6937834,1458966.10896222
361,Waste,Construction debris,20230326_093103.jpg,8645974.49226386,1458087.99131281
362,Footpath Quality,No footpath,20230326_085451.jpg,8645483.08639975,1459022.84051499
363,Footpath Quality,Level difference,JPEG_20230326_092224_2109146579500802235.jpg,8645400.23303595,1460242.77306253
364,Footpath Quality,No footpath,20230326_084536.jpg,8643741.66881434,1458265.06253877
365,Footpath Quality,Broken footpath,JPEG_20230326_092708_1507081716602524991.jpg,8645416.37436212,1460031.79272017
366,Waste,Construction debris,JPEG_20230326_092737_2884594141504566462.jpg,8645416.93095957,1460022.65281303
367,Footpath Quality,Level difference,JPEG_20230326_082807_4408873834709545892.jpg,8645058.49592862,1460304.81719607
368,Waste,Construction debris,JPEG_20230326_092804_5040870569387966460.jpg,8645424.72332392,1460000.37430171
369,Footpath Quality,No footpath,IMG_20230326_082919.jpg,8645042.23883018,1460344.78300211
370,Waste,Garbage vulnerable point,JPEG_20230326_092205_1582720173922115029.jpg,8644966.63397162,1460984.99534721
371,Footpath Quality,Level difference,IMG_20230326_083130.jpg,8645005.2060016,1460419.09043393
372,Obstruction,Transformers,JPEG_20230326_092249_2079087203928348364.jpg,8644995.25624245,1461000.09799245
373,Footpath Quality,No footpath,JPEG_20230326_083640_7667583345759057671.jpg,8644999.49993808,1460441.39649514
374,Footpath Quality,Broken footpath,JPEG_20230326_092502_7961330124650097114.jpg,8644999.3652415,1461001.22494798
375,Encroachment,Encroachment by vendor or shop spillover,IMG_20230326_083739.jpg,8644952.36448067,1460550.98167725
376,Waste,Garbage vulnerable point,JPEG_20230326_092629_7458338799475885033.jpg,8645009.85206705,1461004.94700834
377,Footpath Quality,No footpath,IMG_20230326_084103.jpg,8644938.48756866,1460578.5349613
378,Waste,Silt accumulation on road,JPEG_20230326_092954_1677679024653532736.jpg,8645101.00905007,1461046.55775113
379,Encroachment,Encroachment by vendor or shop spillover,IMG_20230326_084421.jpg,8644877.89563802,1460712.23749743
380,Waste,Garbage vulnerable point,JPEG_20230326_093156_8601843555967765232.jpg,8645104.76476177,1461043.09061999
381,Encroachment,Encroachment by parking,IMG_20230326_084724.jpg,8644856.8794598,1460752.61146569
382,Footpath Quality,Broken footpath,JPEG_20230326_093322_1453765403184306473.jpg,8645157.49235178,1461068.63987282
383,Encroachment,Encroachment by parking,JPEG_20230326_085053_5903727581457151318.jpg,8644832.74648571,1460797.06005554
384,Waste,Garbage vulnerable point,JPEG_20230326_093346_5246052194966402531.jpg,8645160.33767797,1461069.99262882
385,Encroachment,Encroachment by planters,JPEG_20230326_085148_7399443535900701681.jpg,8644820.84106092,1460820.95864971
386,Footpath Quality,Broken footpath,JPEG_20230326_093535_2959065810632789120.jpg,8645182.29141641,1461072.19378842
387,Obstruction,Overgrown weeds,JPEG_20230326_085321_7273071672388451824.jpg,8644813.9347582,1460834.63345049
388,Waste,Construction debris,JPEG_20230326_093628_4378396090745608545.jpg,8645199.31842406,1461087.38080483
389,Encroachment,Encroachment by vendor or shop spillover,JPEG_20230326_085437_3315007250016325152.jpg,8644803.40205268,1460854.24734044
390,Waste,Garbage vulnerable point,JPEG_20230326_093758_8501923412434066157.jpg,8645247.57097054,1461100.4970653
391,Encroachment,Encroachment by vendor or shop spillover,JPEG_20230326_085456_7722546561698901767.jpg,8645494.29237346,1458876.84137714
392,Footpath Quality,Broken footpath,JPEG_20230326_084744_3594006701097280264.jpg,8645096.86441265,1460247.17214713
393,Encroachment,Encroachment by vendor or shop spillover,JPEG_20230326_085544_3579834612437713244.jpg,8645493.15891374,1458917.10435381
394,Footpath Quality,Broken footpath,JPEG_20230326_085007_3023863285083497410.jpg,8645094.22383768,1460253.07486386
395,Encroachment,Encroachment by parking,JPEG_20230326_085757_7464361834649027470.jpg,8645488.72195038,1458944.76474822
396,Waste,Garbage vulnerable point,JPEG_20230326_085718_287040299615634604.jpg,8645079.56948839,1460285.42045715
397,Footpath Quality,No footpath,JPEG_20230326_090017_6849508033636105811.jpg,8645461.05610937,1459059.48465979
398,Obstruction,Transformers,JPEG_20230326_085944_1960472140715032938.jpg,8645071.48868892,1460302.39352853
399,Encroachment,Encroachment by parking,JPEG_20230326_083752_6978216202232976423.jpg,8645278.82391758,1461133.12207577
400,Waste,Construction debris,JPEG_20230326_090759_2753561064588904974.jpg,8645061.48271563,1460334.36676355
401,Encroachment,Encroachment by parking,JPEG_20230326_085009_1135228461230844693.jpg,8645164.29094726,1461079.89790355
402,Footpath Quality,Broken footpath,JPEG_20230326_091021_3663392363973424866.jpg,8645049.92375227,1460349.53514489
403,Encroachment,Encroachment by parking,JPEG_20230326_085126_7320425371936467200.jpg,8645130.10111185,1461067.33745606
404,Obstruction,Transformers,JPEG_20230326_091244_2037145331040132612.jpg,8645042.46672609,1460364.93505149
405,Encroachment,Encroachment by parking,JPEG_20230326_085403_286284541920716182.jpg,8645058.52932447,1461035.62876179
406,Waste,Construction debris,JPEG_20230326_091428_7279966741847878527.jpg,8645033.26117976,1460384.11194086
407,Encroachment,Encroachment by parking,JPEG_20230326_085546_1607212848544219970.jpg,8644986.72713971,1461012.28119031
408,Obstruction,Transformers,JPEG_20230326_091508_2760356311228332231.jpg,8645031.61778375,1460387.14087863
409,Encroachment,Encroachment by planters,JPEG_20230326_090209_1210444533082955508.jpg,8644886.21682664,1460955.05957201
410,Footpath Quality,Level difference,JPEG_20230326_091859_6528660771144097741.jpg,8645024.75507587,1460401.88983376
411,Footpath Quality,Broken footpath,JPEG_20230326_092013_1312462206772610453.jpg,8645023.68562444,1460404.91058343
412,Waste,Construction debris,JPEG_20230326_092107_4251816751134618205.jpg,8645017.72138967,1460417.33947867
413,Waste,Silt accumulation on road,20230326_090019.jpg,8645417.80385154,1459589.82199044
414,Footpath Quality,Level difference,JPEG_20230326_092426_492299394135426799.jpg,8645009.17274467,1460436.23724869
415,Obstruction,Overgrown weeds,20230326_090143.jpg,8645430.36303694,1459571.26033442
416,Obstruction,Transformers,JPEG_20230326_092526_4409053445974850980.jpg,8645008.52306211,1460438.46414624
417,Waste,Silt accumulation on road,20230326_090243.jpg,8645436.1140714,1459550.15748677
418,Footpath Quality,Broken footpath,JPEG_20230326_092752_890190411740855779.jpg,8645003.54247148,1460447.71869619
419,Footpath Quality,No footpath,JPEG_20230326_084739_2474582910657286127.jpg,8644733.87789572,1457811.57686774
420,Footpath Quality,Level difference,JPEG_20230326_092855_6817418877230842530.jpg,8645001.29663466,1460455.003734
421,Encroachment,Encroachment by vendor or shop spillover,JPEG_20230326_084948_5102796964299204516.jpg,8644724.86242979,1457775.29835775
422,Obstruction,Transformers,JPEG_20230326_093019_88592002348922647.jpg,8644998.41169269,1460461.10821916
423,Encroachment,Encroachment by parking,JPEG_20230326_085111_3024256131444550264.jpg,8644718.07490704,1457755.99304868
424,Waste,Construction debris,JPEG_20230326_093051_5452811125738176977.jpg,8644996.69300228,1460464.57920575
425,Encroachment,Encroachment by vendor or shop spillover,JPEG_20230326_085348_1650958365604636714.jpg,8644705.25042088,1457717.17545914
426,Obstruction,Transformers,JPEG_20230326_093457_9099567444404013310.jpg,8644987.75000703,1460485.25210452
427,Waste,Construction debris,JPEG_20230326_094029_4561440685077679454.jpg,8644978.28329812,1460504.88940618
428,Footpath Quality,No footpath,JPEG_20230326_091659_544630545571651729.jpg,8644740.24953059,1457625.39049743
429,Obstruction,Transformers,JPEG_20230326_094158_2448740997864283868.jpg,8644976.11133419,1460513.82327629
430,Encroachment,Encroachment by vendor or shop spillover,JPEG_20230326_084754_6844365740606079666.jpg,8644734.04307442,1457791.59279614
431,Obstruction,Transformers,JPEG_20230326_094538_4696111336957919303.jpg,8644962.52373008,1460547.5358715
432,Encroachment,Encroachment by vendor or shop spillover,JPEG_20230326_084908_903435237178101015.jpg,8644730.18787829,1457778.93949414
433,Waste,Construction debris,JPEG_20230326_094725_3307131338888152621.jpg,8644959.01936251,1460554.4990371
434,Encroachment,Encroachment by vendor or shop spillover,JPEG_20230326_085419_8144198391861001684.jpg,8644705.4409224,1457701.54660457
435,Waste,Silt accumulation in drains,JPEG_20230326_094838_5019389152033401148.jpg,8644957.50964158,1460557.94109361
436,Encroachment,Encroachment by vendor or shop spillover,JPEG_20230326_085452_7604940683331935183.jpg,8644703.01625806,1457694.65120109
437,Waste,Silt accumulation on road,JPEG_20230326_094922_1686335206484120130.jpg,8644956.71661952,1460559.65703819
438,Encroachment,Encroachment by parking,JPEG_20230326_085519_1426545235428964945.jpg,8644700.00195387,1457685.41837615
439,Obstruction,Transformers,JPEG_20230326_095212_9026541633731152425.jpg,8644952.55207872,1460569.71787598
440,Encroachment,Encroachment by parking,JPEG_20230326_091232_6215968661585443628.jpg,8644697.2813517,1457675.23338165
441,Obstruction,Transformers,JPEG_20230326_095340_3523438676603151150.jpg,8644943.43642885,1460590.56205107
442,Footpath Quality,No footpath,JPEG_20230326_091548_2424621030170163023.jpg,8644687.69595509,1457641.05016216
443,Obstruction,Transformers,JPEG_20230326_095746_9014608150945128392.jpg,8644938.14212971,1460603.37295938
444,Encroachment,Encroachment by parking,JPEG_20230326_091231_7762529436697730737.jpg,8644808.43211362,1460886.53524931
445,Waste,Construction debris,JPEG_20230326_100049_6924041268974120787.jpg,8644935.49624956,1460607.48316287
446,Encroachment,Encroachment by parking,JPEG_20230326_091427_4186731472745276407.jpg,8644868.73627183,1460929.77707081
447,Waste,Garbage vulnerable point,JPEG_20230326_101343_7825222575197321109.jpg,8644907.01774005,1460670.77872761
448,Encroachment,Encroachment by vendor or shop spillover,JPEG_20230326_091729_6570307753769700966.jpg,8644903.92048795,1460954.85947428
449,Obstruction,Transformers,JPEG_20230326_101605_4415198314515331221.jpg,8644898.6410336,1460681.97158349
450,Waste,Silt accumulation on road,JPEG_20230326_091840_2435718151848938301.jpg,8644930.8736984,1460972.40584493
451,Waste,Construction debris,JPEG_20230326_101629_1305488936442655269.jpg,8644898.95997803,1460688.07697671
452,Encroachment,Encroachment by parking,JPEG_20230326_085304_305686305983884834.jpg,8645328.59644402,1459758.04513658
453,Waste,Garbage vulnerable point,JPEG_20230326_101702_949828035092892285.jpg,8644896.5021797,1460695.55931735
454,Encroachment,Encroachment by vendor or shop spillover,JPEG_20230326_085353_1114144345968244471.jpg,8645354.28962677,1459712.76067343
455,Waste,Silt accumulation in drains,JPEG_20230326_102106_3173615013828808283.jpg,8644893.3640989,1460702.14849177
456,Encroachment,Encroachment by vendor or shop spillover,JPEG_20230326_085502_4368321208834163331.jpg,8645364.70356514,1459683.38421044
457,Obstruction,Transformers,JPEG_20230326_102250_2872932186828836804.jpg,8644892.06929993,1460706.50616231
458,Encroachment,Encroachment by parking,JPEG_20230326_085548_7434020383521597706.jpg,8645371.82355977,1459672.92257304
459,Waste,Construction debris,JPEG_20230326_102336_8629695218398214859.jpg,8644887.98779625,1460717.97016178
460,Encroachment,Encroachment by parking,JPEG_20230326_085659_8278286553886353099.jpg,8645423.75153407,1459568.51281181
461,Footpath Quality,Broken footpath,20230326_091732.jpg,8645509.48602308,1458076.91548293
462,Encroachment,Encroachment by parking,JPEG_20230326_085813_2365707336132069970.jpg,8645404.9421293,1459604.2648914
463,Footpath Quality,Broken footpath,20230326_091909.jpg,8645528.44343122,1458075.73261695
464,Encroachment,Encroachment by planters,JPEG_20230326_085854_8532994099040333346.jpg,8645410.40912167,1459591.32490417
465,Footpath Quality,Level difference,20230326_092025.jpg,8645549.07143988,1458073.99811516
466,Footpath Quality,No footpath,JPEG_20230326_085956_5239430999633173481.jpg,8645422.02826534,1459564.05934064
467,Footpath Quality,Level difference,20230326_092128.jpg,8645549.43328891,1458074.07586461
468,Footpath Quality,Broken footpath,JPEG_20230326_090217_7554604836485917261.jpg,8645430.15831253,1459548.17381384
469,Footpath Quality,Level difference,20230326_092348.jpg,8645581.30470648,1458070.99209672
470,Encroachment,Encroachment by parking,JPEG_20230326_091830_230633568313149429.jpg,8645152.61952093,1460122.4653856
471,Footpath Quality,Level difference,20230326_092410.jpg,8645589.20724909,1458070.54065871
472,Encroachment,Encroachment by parking,JPEG_20230326_091900_7105612785942715928.jpg,8645142.43973023,1460131.27775339
473,Footpath Quality,Level difference,20230326_092559.jpg,8645688.65727239,1458065.55646217
474,Encroachment,Encroachment by vendor or shop spillover,JPEG_20230326_091921_2601486373812056709.jpg,8645136.19136722,1460143.0739918
475,Waste,Silt accumulation on road,20230326_092840.jpg,8645691.3038575,1458065.1212578
476,Footpath Quality,No footpath,JPEG_20230326_091642_3356787243476487141.jpg,8645390.11695683,1460347.03865498
477,Obstruction,Low hanging wires,20230326_092907.jpg,8645692.28450248,1458064.75973101
478,Encroachment,Encroachment by vendor or shop spillover,20230326_092403.jpg,8645792.05307198,1458036.00940464
479,Waste,Silt accumulation on road,20230326_092941.jpg,8645712.23303197,1458060.26815275
480,Encroachment,Encroachment by parking,20230326_093009.jpg,8645947.87826113,1458070.03138033
481,Footpath Quality,Level difference,20230326_093007.jpg,8645720.47693922,1458059.35274505
482,Encroachment,Encroachment by parking,JPEG_20230326_092150_1161071178709133198.jpg,8645398.32634584,1460240.80578573
483,Footpath Quality,Level difference,20230326_093039.jpg,8645728.77208823,1458057.88469951
484,Footpath Quality,No footpath,JPEG_20230326_092409_6556356015672974301.jpg,8645402.6025756,1460230.04342398
485,Obstruction,Transformers,20230326_093309.jpg,8645803.71558409,1458036.9439919
486,Footpath Quality,No footpath,JPEG_20230326_092544_5531900899574347982.jpg,8645414.51903727,1460139.7580963
487,Waste,Litter on street (Commercial),20230326_093337.jpg,8645802.89353532,1458037.29655272
488,Footpath Quality,Broken footpath,20230326_093420.jpg,8645815.55679143,1458035.25544342
489,Footpath Quality,No footpath,JPEG_20230326_092943_849901310591760898.jpg,8645421.86597078,1459903.09230245
490,Footpath Quality,Level difference,20230326_093443.jpg,8645813.3063283,1458035.7352976
491,Footpath Quality,Broken footpath,JPEG_20230326_093432_8910225309591214509.jpg,8645424.90885641,1459964.38597427
492,Footpath Quality,Level difference,20230326_093516.jpg,8645816.53653202,1458035.21527874
493,Encroachment,Encroachment by vendor or shop spillover,JPEG_20230326_093552_3637527412109921561.jpg,8645416.00329715,1460014.84581134
494,Footpath Quality,Broken footpath,20230326_093703.jpg,8645841.19900655,1458034.0809168
495,Encroachment,Encroachment by parking,JPEG_20230326_092838_8891658866811791289.jpg,8645043.71420827,1461024.76064888
496,Waste,Litter on street (Commercial),20230326_093812.jpg,8645850.73757412,1458033.3635734
497,Encroachment,Encroachment by vendor or shop spillover,JPEG_20230326_093728_3977428746870371563.jpg,8645225.84978247,1461092.44355365
498,Footpath Quality,Level difference,20230326_094027.jpg,8645904.98482021,1458053.95548252
499,Footpath Quality,Broken footpath,JPEG_20230326_093857_4647007919515640611.jpg,8645254.82393013,1461105.05968791
500,Obstruction,Transformers,JPEG_20230326_130458_2806556464984728053.jpg,8644878.50367677,1460730.19894129
501,Footpath Quality,Broken footpath,JPEG_20230326_093945_3584116858814787032.jpg,8645287.4099899,1461124.55993491
502,Waste,Construction debris,JPEG_20230326_130521_3306513606452993571.jpg,8644877.33187913,1460732.48629347
503,Footpath Quality,Level difference,JPEG_20230326_083225_2964876369801646102.jpg,8645115.25166299,1460207.34535173
504,Waste,Construction debris,JPEG_20230326_130736_5799292618489055939.jpg,8644872.53989582,1460741.55947176
505,Encroachment,Encroachment by planters,JPEG_20230326_083516_4988204953556756478.jpg,8645107.28002544,1460224.29758868
506,Obstruction,Transformers,JPEG_20230326_130830_6308454453299274608.jpg,8644871.13598547,1460742.65124135
507,Encroachment,Encroachment by parking,JPEG_20230326_083650_6106435770505613809.jpg,8645105.66963313,1460228.78606006
508,Waste,Construction debris,JPEG_20230326_130906_5611206429485116209.jpg,8644866.64703013,1460749.97630086
509,Encroachment,Encroachment by planters,JPEG_20230326_083754_327760800050885244.jpg,8645103.53723069,1460233.16775533
510,Obstruction,Transformers,JPEG_20230326_131156_5934062720191431023.jpg,8644857.85469467,1460768.86250259
511,Encroachment,Encroachment by vendor or shop spillover,JPEG_20230326_083950_302423330410261954.jpg,8645101.74185514,1460236.66173196
512,Waste,Garbage vulnerable point,JPEG_20230326_131223_2319917101202775818.jpg,8644856.56694705,1460769.54099577
513,Encroachment,Encroachment by planters,JPEG_20230326_084231_3562890584845684899.jpg,8645099.07053008,1460241.72027064
514,Waste,Silt accumulation in drains,JPEG_20230326_131608_346445114538483304.jpg,8644848.75286271,1460785.92316459
515,Waste,Silt accumulation in drains,JPEG_20230326_084453_5427230301634281099.jpg,8645098.1316094,1460245.17695848
516,Waste,Construction debris,JPEG_20230326_131651_4963308220211727824.jpg,8644844.02593088,1460795.79347361
517,Footpath Quality,Level difference,JPEG_20230326_085127_2553982847809459614.jpg,8645093.06541329,1460254.16322254
518,Waste,Construction debris,JPEG_20230326_131803_4937433352266777472.jpg,8644840.9917068,1460800.58976802
519,Encroachment,Encroachment by planters,JPEG_20230326_085415_3175810170035602127.jpg,8645087.04783779,1460267.78118416
520,Waste,Construction debris,JPEG_20230326_132658_2413219411362686003.jpg,8644815.76130359,1460850.51974254
521,Encroachment,Encroachment by parking,JPEG_20230326_085506_5485774074783593093.jpg,8645086.17570782,1460269.72612639
522,Obstruction,Transformers,JPEG_20230326_132853_1101069429094243924.jpg,8644810.36926092,1460859.39485548
523,Encroachment,Encroachment by planters,JPEG_20230326_085607_6414001357364819317.jpg,8645079.40181372,1460284.29767581
524,Obstruction,Junction boxes,JPEG_20230326_132919_3617776235745556109.jpg,8644808.27518876,1460864.35707411
525,Footpath Quality,Broken footpath,JPEG_20230326_085824_3509566909551416021.jpg,8645077.75487086,1460288.39780956
526,Waste,Construction debris,JPEG_20230326_133008_8977776685096644627.jpg,8644807.96563206,1460867.23737282
527,Encroachment,Encroachment by planters,JPEG_20230326_090222_8792186090397393914.jpg,8645070.51176111,1460304.05297448
528,Waste,Construction debris,JPEG_20230326_133129_5290192481758970498.jpg,8644805.7267841,1460875.33198021
529,Footpath Quality,Level difference,JPEG_20230326_090419_5629475794829341065.jpg,8645072.44099965,1460304.60801223
530,Obstruction,Junction boxes,JPEG_20230326_133829_8848801794550363302.jpg,8644802.94636426,1460883.22663923
531,Obstruction,Overgrown weeds,JPEG_20230326_090519_4564444973431040394.jpg,8645065.04908973,1460319.71725826
532,Footpath Quality,Broken footpath,JPEG_20230326_090625_3350473938969461003.jpg,8645064.36445026,1460328.23775921
533,Encroachment,Encroachment by planters,JPEG_20230326_090906_5823753463916334717.jpg,8645048.90952407,1460350.76165599
534,Footpath Quality,Level difference,JPEG_20230326_091152_5262033461997890871.jpg,8645046.86837718,1460355.30848058
535,Encroachment,Encroachment by parking,JPEG_20230326_091557_6190600461563462664.jpg,8645029.79927121,1460390.11088896
536,Encroachment,Encroachment by planters,JPEG_20230326_091752_7050991678629435369.jpg,8645024.26544455,1460402.66516523
537,Footpath Quality,No footpath,JPEG_20230326_092230_8211120044291420994.jpg,8645017.13108147,1460418.50686137
538,Footpath Quality,Level difference,JPEG_20230326_092645_8339475273650176577.jpg,8645008.11658092,1460440.59486289
539,Encroachment,Encroachment by planters,JPEG_20230326_093137_1769109739467311179.jpg,8644997.15341419,1460466.02164649
540,Encroachment,Encroachment by planters,JPEG_20230326_093229_5827914600759171166.jpg,8644994.83674555,1460470.81750859
541,Footpath Quality,Level difference,JPEG_20230326_093310_7259698893951163341.jpg,8644992.36175346,1460474.53544401
542,Footpath Quality,Broken footpath,JPEG_20230326_093347_2900222024367952615.jpg,8644990.96679113,1460479.77557946
543,Obstruction,Overgrown weeds,JPEG_20230326_093556_1781305411659986418.jpg,8644987.22868264,1460487.47041353
544,Encroachment,Encroachment by planters,JPEG_20230326_093803_3943028692941602065.jpg,8644979.70976846,1460503.58770179
545,Obstruction,Overgrown weeds,JPEG_20230326_093850_3400774545078756474.jpg,8644982.36844615,1460501.77765148
546,Encroachment,Encroachment by planters,JPEG_20230326_094113_7755386519081049222.jpg,8644976.87018394,1460508.46529093
547,Encroachment,Encroachment by planters,JPEG_20230326_094351_7051803436951317798.jpg,8644966.92542312,1460536.63466057
548,Footpath Quality,Level difference,JPEG_20230326_094641_8690880797231531808.jpg,8644961.96995494,1460549.30641969
549,Footpath Quality,Level difference,JPEG_20230326_095053_7253257951433810898.jpg,8644953.9418519,1460566.91725865
550,Footpath Quality,Level difference,JPEG_20230326_095134_8852058546056678984.jpg,8644950.88025861,1460571.96017458
551,Footpath Quality,Level difference,JPEG_20230326_095437_8125080500982386498.jpg,8644942.443819,1460591.75796332
552,Obstruction,Overgrown weeds,JPEG_20230326_095901_628670822682227344.jpg,8644936.82704235,1460604.72530466
553,Encroachment,Encroachment by planters,JPEG_20230326_100224_8341295047137125455.jpg,8644935.0165267,1460608.23205324
554,Footpath Quality,Broken footpath,JPEG_20230326_100304_1858889852399713520.jpg,8644934.62068654,1460610.26034518
555,Footpath Quality,Level difference,JPEG_20230326_100503_7454606037300084365.jpg,8644930.07690389,1460622.68458542
556,Encroachment,Encroachment by vendor or shop spillover,JPEG_20230326_101109_5097561306606584259.jpg,8644924.37336095,1460633.81189331
557,Footpath Quality,Level difference,JPEG_20230326_101152_5706676580309840820.jpg,8644917.10804142,1460649.75407626
558,Encroachment,Encroachment by vendor or shop spillover,JPEG_20230326_101237_8069904574571041950.jpg,8644913.51253968,1460659.77209671
559,Footpath Quality,Broken footpath,JPEG_20230326_101428_288955519478529380.jpg,8644905.19877957,1460673.65733979
560,Encroachment,Encroachment by planters,JPEG_20230326_101501_3346874400383880166.jpg,8644899.5421524,1460684.52593574
561,Footpath Quality,Broken footpath,JPEG_20230326_102205_7078973894015557778.jpg,8644891.16941246,1460706.1456693
562,Encroachment,Encroachment by vendor or shop spillover,JPEG_20230326_125947_2852311097441296361.jpg,8644888.78660737,1460719.58958646
563,Footpath Quality,No footpath,20230326_093611.jpg,8645824.53043018,1458034.81523752
564,Footpath Quality,No footpath,20230326_093746.jpg,8645847.48672731,1458033.53415469
565,Footpath Quality,No footpath,20230326_093943.jpg,8645860.04128911,1458033.85415192
566,Footpath Quality,No footpath,20230326_094127.jpg,8645928.05130312,1458068.51363579
567,Encroachment,Encroachment by planters,JPEG_20230326_130023_3985694826419114330.jpg,8644884.25242521,1460719.24467962
568,Footpath Quality,Broken footpath,JPEG_20230326_130233_3650905719498046316.jpg,8644881.88572577,1460723.66778157
569,Waste,Silt accumulation in drains,JPEG_20230326_130313_6180089699675438901.jpg,8644881.46513064,1460724.40341093
570,Encroachment,Encroachment by planters,JPEG_20230326_130347_5492066095265452699.jpg,8644879.56378224,1460728.05270043
571,Footpath Quality,Level difference,JPEG_20230326_130628_8351030120551307885.jpg,8644877.01322555,1460733.4038194
572,Encroachment,Encroachment by planters,JPEG_20230326_130952_4333502380431423641.jpg,8644864.95353234,1460754.5263901
573,Waste,Silt accumulation in drains,JPEG_20230326_131050_33718763215197786.jpg,8644862.12000727,1460760.53244746
574,Footpath Quality,Broken footpath,JPEG_20230326_131123_7312212199439418603.jpg,8644858.48732604,1460766.1633153
575,Encroachment,Encroachment by vendor or shop spillover,JPEG_20230326_131327_5605754721014470907.jpg,8644853.33466097,1460775.64775484
576,Encroachment,Encroachment by planters,JPEG_20230326_131442_6747049208279805897.jpg,8644842.43292947,1460797.0183969
577,Waste,Silt accumulation in drains,JPEG_20230326_131732_3655437291902304216.jpg,8644843.56092166,1460795.96830416
578,Encroachment,Encroachment by vendor or shop spillover,JPEG_20230326_131835_4226799147062102439.jpg,8644839.5793277,1460803.13437358
579,Encroachment,Encroachment by planters,JPEG_20230326_131915_3404260037086935223.jpg,8644836.04723848,1460809.61541569
580,Encroachment,Encroachment by vendor or shop spillover,JPEG_20230326_132009_7402386068224784980.jpg,8644836.8917339,1460811.02128801
581,Encroachment,Encroachment by vendor or shop spillover,JPEG_20230326_132050_383819539985479694.jpg,8644831.42912356,1460822.03749391
582,Footpath Quality,Broken footpath,JPEG_20230326_132141_2603215056563878125.jpg,8644828.8651227,1460826.1379243
583,Encroachment,Encroachment by vendor or shop spillover,JPEG_20230326_132212_1073451668661398701.jpg,8644827.50240355,1460828.6503918
584,Footpath Quality,Broken footpath,JPEG_20230326_132239_4805693863037732609.jpg,8644827.11768766,1460827.81085691
585,Waste,Silt accumulation in drains,JPEG_20230326_132308_4591558217570889049.jpg,8644826.10563558,1460831.51621864
586,Footpath Quality,Broken footpath,JPEG_20230326_132355_3793126143494704343.jpg,8644821.94712994,1460836.42132939
587,Footpath Quality,Level difference,JPEG_20230326_132459_8640667055723511699.jpg,8644819.3929444,1460841.20690075
588,Encroachment,Encroachment by planters,JPEG_20230326_132539_339458006459185084.jpg,8644818.51477717,1460843.8044045
589,Footpath Quality,Broken footpath,JPEG_20230326_132625_1332454253804967758.jpg,8644815.82718719,1460847.09601317
590,Encroachment,Encroachment by parking,JPEG_20230326_132743_4939870855085516096.jpg,8644810.50353151,1460856.24173788
591,Encroachment,Encroachment by planters,JPEG_20230326_132817_7675599711785195732.jpg,8644809.77391464,1460861.21856554
592,Waste,Silt accumulation in drains,JPEG_20230326_133102_6700043431494483681.jpg,8644807.15044382,1460870.219682
593,Encroachment,Encroachment by planters,JPEG_20230326_133206_2993726586882409087.jpg,8644806.11915112,1460876.64433018
594,Encroachment,Encroachment by parking,JPEG_20230326_133241_3200766287346809448.jpg,8644804.56774311,1460878.73987611
595,Encroachment,Encroachment by vendor or shop spillover,JPEG_20230326_133407_626588601055821799.jpg,8644804.84984772,1460879.06802251
596,Footpath Quality,Level difference,JPEG_20230326_133447_6822765087620574429.jpg,8644807.42654421,1460875.84961902
597,Encroachment,Encroachment by planters,JPEG_20230326_133527_5305208701780412837.jpg,8644803.65986252,1460879.09103786
598,Encroachment,Encroachment by vendor or shop spillover,JPEG_20230326_133624_3963014280937201941.jpg,8644807.44975217,1460879.47868089
599,Encroachment,Encroachment by planters,JPEG_20230326_133720_8238953998702825054.jpg,8644802.99171242,1460883.5013345
600,Footpath Quality,Level difference,JPEG_20230326_133756_3983622008836291234.jpg,8644805.43691084,1460880.5918193
601,Footpath Quality,No footpath,JPEG_20230326_093922_874788857828528073.jpg,8645408.76753024,1460136.52103318
